market_id,timestamp,usage_kw
5,2022-07-13 23:14:02,475
2,2022-07-01 07:29:50,142
8,2022-07-23 12:16:29,347
1,2022-07-17 05:09:58,920
0,2022-07-19 09:35:23,568
7,2022-07-21 12:20:57,174
2,2022-07-12 13:18:15,161
1,2022-07-07 10:17:13,53
1,2022-07-19 15:00:06,519
1,2022-07-15 03:14:49,809
3,2022-07-21 11:22:50,210
1,2022-07-13 22:46:01,911
3,2022-07-20 06:00:21,934
5,2022-07-03 02:19:31,288
0,2022-07-20 23:04:06,205
6,2022-07-24 20:53:08,57
0,2022-07-12 11:48:51,143
1,2022-07-29 23:22:32,435
1,2022-07-29 02:14:04,4
3,2022-07-17 00:43:49,203
1,2022-07-07 11:10:11,9
0,2022-07-25 07:28:41,553
7,2022-07-27 02:20:05,87
3,2022-07-21 09:27:38,944
6,2022-07-10 07:53:16,71
1,2022-07-29 03:30:58,655
2,2022-07-30 13:24:22,149
0,2022-07-03 15:06:58,737
8,2022-07-30 10:29:05,277
2,2022-07-14 00:36:16,873
0,2022-07-06 21:21:58,755
6,2022-07-12 11:52:32,890
8,2022-07-03 02:08:04,166
5,2022-07-26 08:14:33,754
1,2022-07-17 20:30:54,605
5,2022-07-22 21:48:09,113
6,2022-07-10 15:35:10,216
0,2022-07-19 09:30:07,970
5,2022-07-01 00:42:59,819
1,2022-07-11 08:39:38,444
7,2022-07-14 02:09:00,228
1,2022-07-15 21:51:35,333
4,2022-07-06 00:05:04,645
0,2022-07-02 05:34:57,530
8,2022-07-21 19:23:59,391
5,2022-07-13 01:14:41,510
1,2022-07-21 15:10:08,580
3,2022-07-05 15:35:09,664
6,2022-07-25 18:03:00,988
8,2022-07-18 22:20:08,382
4,2022-07-09 07:17:56,143
4,2022-07-02 10:13:24,710
2,2022-07-13 18:22:17,52
2,2022-07-06 20:06:56,970
2,2022-07-01 13:50:06,622
0,2022-07-22 20:47:53,50
6,2022-07-15 06:48:47,214
0,2022-07-18 05:03:31,627
2,2022-07-24 08:18:30,292
4,2022-07-07 15:57:56,576
1,2022-07-27 23:44:24,985
1,2022-07-04 04:25:33,304
7,2022-07-07 22:02:54,431
8,2022-07-19 14:13:42,721
2,2022-07-14 07:24:50,603
7,2022-07-17 22:27:50,791
0,2022-07-14 10:33:18,102
2,2022-07-09 09:56:33,542
1,2022-07-08 21:00:20,818
3,2022-07-01 15:09:45,799
2,2022-07-23 23:49:32,208
8,2022-07-27 11:33:38,468
1,2022-07-09 09:37:03,398
7,2022-07-29 18:48:55,562
4,2022-07-26 23:49:15,970
0,2022-07-29 04:56:01,69
6,2022-07-27 10:13:04,600
8,2022-07-26 13:59:21,317
1,2022-07-28 20:36:47,551
4,2022-07-04 02:56:15,556
3,2022-07-07 16:08:39,743
1,2022-07-24 20:50:00,106
0,2022-07-24 19:08:33,465
0,2022-07-30 06:27:00,911
5,2022-07-12 19:51:46,30
7,2022-07-12 05:15:25,900
7,2022-07-12 19:14:19,381
1,2022-07-30 18:30:57,37
6,2022-07-20 17:48:44,49
1,2022-07-04 22:03:57,603
0,2022-07-30 12:30:23,194
2,2022-07-05 02:20:53,771
0,2022-07-18 05:21:54,67
7,2022-07-27 13:19:15,640
7,2022-07-02 06:15:33,549
1,2022-07-17 04:56:21,721
5,2022-07-01 09:59:07,87
7,2022-07-29 15:41:07,475
6,2022-07-24 05:11:00,153
2,2022-07-06 03:46:23,853
5,2022-07-12 05:30:11,915
2,2022-07-10 07:53:09,463
3,2022-07-06 06:43:55,992
0,2022-07-06 19:54:58,114
1,2022-07-19 01:54:35,77
0,2022-07-23 16:41:16,107
8,2022-07-10 17:48:31,642
1,2022-07-12 11:08:18,379
4,2022-07-26 03:18:44,6
3,2022-07-01 18:02:12,700
4,2022-07-30 15:34:54,450
1,2022-07-26 05:11:48,23
6,2022-07-03 19:20:44,820
4,2022-07-24 02:05:18,921
5,2022-07-30 09:10:15,873
3,2022-07-03 20:17:05,896
4,2022-07-07 10:03:32,698
0,2022-07-10 01:30:12,308
5,2022-07-20 13:46:42,999
0,2022-07-15 16:42:31,954
1,2022-07-02 10:19:54,991
7,2022-07-12 23:59:21,326
5,2022-07-24 20:52:40,427
5,2022-07-20 08:58:32,577
3,2022-07-04 19:31:26,441
4,2022-07-23 09:58:38,284
7,2022-07-22 08:33:33,478
2,2022-07-16 23:52:02,395
0,2022-07-16 18:40:49,412
2,2022-07-16 09:55:51,95
0,2022-07-10 03:41:26,557
5,2022-07-07 16:25:28,217
1,2022-07-17 09:37:10,967
7,2022-07-30 10:41:18,999
6,2022-07-11 06:06:16,614
8,2022-07-17 06:44:03,714
0,2022-07-27 19:39:48,78
7,2022-07-12 00:52:48,432
5,2022-07-25 23:01:16,888
1,2022-07-23 11:42:32,515
0,2022-07-14 19:39:02,735
8,2022-07-10 22:58:43,940
3,2022-07-01 12:35:11,74
5,2022-07-03 00:57:24,944
2,2022-07-16 22:47:55,94
1,2022-07-25 17:44:37,168
6,2022-07-20 04:44:35,844
8,2022-07-07 13:06:13,399
5,2022-07-18 10:15:28,521
4,2022-07-10 19:19:55,970
6,2022-07-28 12:58:06,329
2,2022-07-28 16:59:51,187
0,2022-07-15 20:32:08,176
0,2022-07-14 12:29:49,701
8,2022-07-21 17:38:18,491
1,2022-07-14 05:50:38,931
2,2022-07-26 02:16:29,292
7,2022-07-12 06:21:54,463
5,2022-07-08 02:52:59,184
5,2022-07-30 04:05:32,767
8,2022-07-14 12:34:39,53
5,2022-07-02 06:33:27,952
2,2022-07-27 02:32:02,593
1,2022-07-23 00:18:41,798
5,2022-07-11 05:35:19,138
8,2022-07-07 12:32:32,766
6,2022-07-11 12:20:11,925
3,2022-07-28 14:28:31,528
0,2022-07-27 22:30:33,434
5,2022-07-25 02:07:12,51
0,2022-07-19 01:51:43,382
6,2022-07-23 12:08:04,828
3,2022-07-27 23:45:43,448
2,2022-07-29 12:24:32,102
5,2022-07-13 15:08:49,87
3,2022-07-23 19:05:04,910
8,2022-07-10 01:05:37,993
8,2022-07-01 14:02:03,780
8,2022-07-17 06:50:50,956
3,2022-07-09 09:54:52,687
0,2022-07-29 11:26:12,29
3,2022-07-17 10:43:57,596
2,2022-07-17 00:46:08,291
6,2022-07-02 18:00:51,305
6,2022-07-12 21:53:13,79
7,2022-07-03 00:50:13,465
2,2022-07-07 23:34:03,322
3,2022-07-26 09:34:31,905
6,2022-07-25 08:36:38,947
6,2022-07-02 14:31:20,156
6,2022-07-07 19:17:45,984
6,2022-07-24 09:21:16,293
2,2022-07-30 22:56:10,767
8,2022-07-25 04:35:08,97
4,2022-07-13 07:35:40,533
5,2022-07-27 01:31:44,383
3,2022-07-03 20:20:14,15
8,2022-07-23 11:57:41,663
1,2022-07-11 00:15:28,319
0,2022-07-10 14:42:42,882
1,2022-07-13 08:46:23,476
4,2022-07-11 22:43:36,318
2,2022-07-21 03:06:00,12
4,2022-07-18 23:12:43,959
5,2022-07-16 16:28:10,966
2,2022-07-27 20:09:29,573
0,2022-07-07 11:04:40,697
3,2022-07-05 07:46:11,760
3,2022-07-01 22:33:50,49
7,2022-07-18 09:10:22,265
8,2022-07-04 15:56:45,362
6,2022-07-21 16:36:20,97
2,2022-07-03 20:53:04,965
2,2022-07-25 16:07:37,249
6,2022-07-18 16:11:54,587
3,2022-07-17 22:21:20,720
8,2022-07-26 00:47:17,741
6,2022-07-02 15:45:08,916
8,2022-07-16 04:39:51,166
7,2022-07-15 02:30:58,284
6,2022-07-26 20:35:20,295
1,2022-07-03 18:21:49,434
5,2022-07-11 19:33:38,902
4,2022-07-18 17:08:54,423
5,2022-07-04 03:50:24,463
6,2022-07-25 16:23:22,977
2,2022-07-04 02:26:15,977
1,2022-07-16 15:46:23,664
7,2022-07-01 22:16:57,434
6,2022-07-04 19:48:45,317
4,2022-07-10 11:21:48,400
7,2022-07-09 04:47:15,997
0,2022-07-12 18:03:30,623
0,2022-07-26 04:23:16,300
0,2022-07-10 18:05:21,122
1,2022-07-19 11:28:28,452
4,2022-07-10 01:01:06,519
1,2022-07-26 13:48:00,996
4,2022-07-07 23:46:47,538
6,2022-07-09 19:43:57,881
4,2022-07-23 22:49:52,203
7,2022-07-25 13:18:50,292
5,2022-07-25 13:54:20,660
7,2022-07-03 20:05:32,792
8,2022-07-24 03:35:43,605
1,2022-07-04 22:59:43,841
5,2022-07-04 14:26:45,418
7,2022-07-08 21:29:29,815
8,2022-07-30 14:19:36,602
7,2022-07-21 01:08:58,154
7,2022-07-06 15:42:24,549
8,2022-07-01 14:20:19,592
4,2022-07-22 06:15:35,721
1,2022-07-28 15:54:11,719
4,2022-07-28 00:43:06,716
4,2022-07-01 07:53:22,174
5,2022-07-25 19:20:39,865
7,2022-07-26 03:53:11,755
5,2022-07-16 17:34:52,976
2,2022-07-08 20:38:30,792
5,2022-07-16 11:09:59,713
7,2022-07-04 23:30:46,339
5,2022-07-14 18:19:49,903
1,2022-07-28 07:29:06,932
4,2022-07-03 21:50:05,262
6,2022-07-23 23:52:12,624
4,2022-07-21 01:10:42,72
7,2022-07-15 06:47:06,239
6,2022-07-22 22:40:59,835
0,2022-07-11 03:43:34,523
1,2022-07-28 20:30:50,169
1,2022-07-05 12:59:00,71
4,2022-07-01 10:20:54,792
4,2022-07-03 14:17:54,494
2,2022-07-08 17:13:04,458
1,2022-07-13 22:09:06,855
1,2022-07-06 20:30:37,932
2,2022-07-13 04:10:24,778
5,2022-07-13 14:57:25,645
3,2022-07-10 12:17:54,229
8,2022-07-10 09:57:11,505
4,2022-07-23 15:28:28,418
6,2022-07-05 06:43:51,252
4,2022-07-08 08:27:27,262
2,2022-07-02 00:51:51,745
6,2022-07-07 12:08:30,621
7,2022-07-06 22:40:55,467
1,2022-07-30 21:22:34,615
6,2022-07-27 12:10:14,398
5,2022-07-07 12:54:28,927
5,2022-07-12 11:15:02,227
8,2022-07-05 01:51:00,367
1,2022-07-01 00:38:41,111
7,2022-07-18 20:16:20,372
3,2022-07-22 17:45:25,662
0,2022-07-22 23:43:45,558
5,2022-07-08 15:29:31,263
1,2022-07-15 05:42:30,377
3,2022-07-13 23:06:05,815
2,2022-07-20 15:42:05,627
1,2022-07-02 06:44:34,840
2,2022-07-01 20:13:35,243
2,2022-07-30 13:58:34,698
6,2022-07-07 05:38:55,74
4,2022-07-29 13:14:39,430
7,2022-07-04 14:23:25,669
2,2022-07-14 15:34:42,426
8,2022-07-08 07:33:51,111
7,2022-07-26 18:31:26,146
0,2022-07-18 20:27:18,267
1,2022-07-28 12:58:57,957
4,2022-07-06 17:19:26,593
3,2022-07-24 07:41:53,2
8,2022-07-09 00:18:24,896
5,2022-07-14 10:28:33,535
2,2022-07-17 09:16:08,204
0,2022-07-12 09:57:30,682
1,2022-07-10 07:03:32,870
6,2022-07-01 07:11:10,9
7,2022-07-02 00:08:36,744
0,2022-07-10 05:31:36,872
4,2022-07-27 10:01:07,308
6,2022-07-27 17:19:29,74
3,2022-07-25 21:20:43,821
1,2022-07-05 13:31:17,210
3,2022-07-16 11:43:29,84
7,2022-07-09 23:21:52,39
4,2022-07-29 17:57:43,735
1,2022-07-27 16:03:10,368
4,2022-07-13 11:46:42,911
0,2022-07-02 23:33:25,148
1,2022-07-08 00:21:55,374
5,2022-07-01 19:43:15,784
4,2022-07-28 12:48:45,954
2,2022-07-02 05:58:05,244
0,2022-07-21 17:29:16,594
5,2022-07-04 12:34:15,6
3,2022-07-07 21:54:44,135
7,2022-07-26 20:54:01,672
5,2022-07-30 02:12:41,474
7,2022-07-11 21:23:41,459
7,2022-07-14 04:13:59,202
0,2022-07-23 20:58:41,454
3,2022-07-07 21:02:16,588
2,2022-07-23 20:30:33,459
6,2022-07-19 03:38:19,116
2,2022-07-17 06:15:46,762
1,2022-07-02 15:45:25,477
1,2022-07-18 19:55:37,139
4,2022-07-25 22:04:01,72
4,2022-07-06 18:49:59,852
4,2022-07-22 09:38:22,513
3,2022-07-20 06:47:56,423
4,2022-07-20 04:39:01,224
8,2022-07-16 06:28:54,850
2,2022-07-10 15:42:56,361
0,2022-07-03 07:50:46,72
1,2022-07-23 00:26:41,341
6,2022-07-18 14:01:05,835
0,2022-07-17 05:33:20,731
7,2022-07-13 09:02:38,187
0,2022-07-13 19:58:05,57
3,2022-07-02 06:44:42,468
6,2022-07-03 11:31:47,275
6,2022-07-06 02:07:23,213
0,2022-07-20 16:42:12,333
6,2022-07-30 07:26:37,114
8,2022-07-15 06:22:53,82
3,2022-07-01 22:14:05,353
7,2022-07-08 15:32:04,722
2,2022-07-03 09:36:42,423
5,2022-07-21 19:22:34,771
5,2022-07-15 05:24:39,407
8,2022-07-02 07:50:49,568
6,2022-07-17 13:28:54,643
7,2022-07-01 18:16:25,670
3,2022-07-12 09:56:23,322
6,2022-07-18 04:07:31,125
6,2022-07-29 21:49:34,736
1,2022-07-17 21:14:35,648
7,2022-07-10 09:52:53,432
5,2022-07-19 16:36:30,981
5,2022-07-06 13:25:56,252
4,2022-07-04 06:29:16,965
4,2022-07-16 00:11:13,435
3,2022-07-19 19:44:10,475
8,2022-07-16 17:05:44,211
5,2022-07-27 11:22:32,441
2,2022-07-03 21:18:29,350
0,2022-07-22 16:10:11,78
3,2022-07-05 22:04:44,347
3,2022-07-29 02:11:50,803
5,2022-07-12 10:20:19,142
5,2022-07-03 20:03:23,588
4,2022-07-06 22:24:54,172
2,2022-07-01 14:42:32,513
3,2022-07-25 07:20:47,21
6,2022-07-11 18:16:24,238
0,2022-07-15 22:16:49,981
1,2022-07-19 15:33:11,885
4,2022-07-12 16:11:59,55
8,2022-07-22 17:08:25,874
2,2022-07-18 15:16:01,232
4,2022-07-03 06:45:09,379
5,2022-07-15 19:28:32,2
0,2022-07-06 11:13:19,83
2,2022-07-16 02:26:58,103
8,2022-07-02 11:47:05,225
7,2022-07-18 13:34:54,794
1,2022-07-19 14:29:59,468
2,2022-07-25 23:06:29,253
5,2022-07-01 16:02:33,863
1,2022-07-29 05:40:35,556
8,2022-07-25 07:18:06,53
0,2022-07-06 04:29:32,6
5,2022-07-04 23:06:43,773
0,2022-07-06 16:13:44,340
2,2022-07-27 14:58:30,54
6,2022-07-30 09:20:34,58
3,2022-07-29 11:43:33,759
4,2022-07-27 05:55:37,614
0,2022-07-12 14:56:37,735
2,2022-07-12 12:10:30,56
7,2022-07-05 04:13:07,196
8,2022-07-02 06:39:23,782
3,2022-07-26 11:10:26,934
5,2022-07-22 04:05:41,510
0,2022-07-14 18:04:30,85
0,2022-07-01 16:55:49,94
4,2022-07-16 07:49:29,92
6,2022-07-12 22:38:56,573
1,2022-07-01 20:32:40,393
1,2022-07-19 06:35:06,639
2,2022-07-06 21:24:01,788
2,2022-07-04 04:13:16,101
3,2022-07-10 16:25:22,674
0,2022-07-16 22:40:57,840
3,2022-07-23 21:25:58,77
0,2022-07-11 09:54:14,981
5,2022-07-15 16:59:49,530
7,2022-07-21 07:09:11,341
5,2022-07-05 09:44:36,960
1,2022-07-17 02:14:59,356
5,2022-07-09 23:21:04,702
2,2022-07-23 06:04:21,308
7,2022-07-23 01:37:57,159
5,2022-07-29 06:48:57,526
2,2022-07-04 18:26:40,221
7,2022-07-01 23:57:48,269
8,2022-07-05 18:13:14,162
6,2022-07-02 10:53:39,862
1,2022-07-30 13:53:33,439
3,2022-07-11 11:32:29,769
1,2022-07-05 11:16:00,528
3,2022-07-23 05:33:40,787
0,2022-07-01 17:23:22,424
4,2022-07-16 10:08:46,792
2,2022-07-05 07:45:59,602
0,2022-07-04 01:40:09,985
7,2022-07-22 03:56:17,507
5,2022-07-23 23:19:26,553
5,2022-07-15 16:48:23,545
8,2022-07-07 10:40:55,795
8,2022-07-25 05:47:40,793
7,2022-07-10 14:52:40,772
8,2022-07-20 22:36:25,150
1,2022-07-08 15:19:25,40
2,2022-07-02 05:12:58,664
7,2022-07-11 22:39:03,908
2,2022-07-14 04:12:57,152
8,2022-07-01 06:30:31,546
6,2022-07-09 11:10:23,525
2,2022-07-21 16:26:28,736
6,2022-07-28 21:39:47,242
3,2022-07-27 01:59:25,841
0,2022-07-25 07:30:01,52
1,2022-07-10 04:19:21,897
7,2022-07-02 15:56:57,343
3,2022-07-08 11:31:55,34
1,2022-07-15 10:42:53,938
6,2022-07-16 01:24:17,76
1,2022-07-18 11:47:44,9
1,2022-07-19 10:26:48,798
3,2022-07-19 06:19:48,193
5,2022-07-07 00:58:05,195
7,2022-07-17 19:41:12,502
5,2022-07-25 08:47:02,444
8,2022-07-18 03:29:25,625
6,2022-07-27 13:23:44,739
8,2022-07-11 20:03:09,706
5,2022-07-14 04:09:14,618
6,2022-07-28 20:10:15,150
2,2022-07-23 02:23:23,767
1,2022-07-02 16:12:00,282
2,2022-07-28 21:04:50,406
5,2022-07-18 04:02:16,591
4,2022-07-28 19:07:37,17
2,2022-07-23 06:36:28,96
8,2022-07-01 07:11:18,671
3,2022-07-03 03:27:06,448
3,2022-07-25 13:47:21,447
7,2022-07-12 08:56:43,469
3,2022-07-30 09:17:14,136
7,2022-07-18 05:30:00,821
3,2022-07-04 10:33:01,473
5,2022-07-21 14:03:08,175
7,2022-07-29 23:25:18,416
8,2022-07-20 16:04:35,411
7,2022-07-30 06:23:18,405
8,2022-07-15 00:40:31,91
8,2022-07-22 08:54:23,708
0,2022-07-04 05:31:55,188
2,2022-07-10 10:55:04,507
8,2022-07-27 05:25:11,448
8,2022-07-18 15:26:16,787
5,2022-07-10 02:28:32,27
6,2022-07-30 09:21:43,122
4,2022-07-30 15:36:33,242
5,2022-07-03 04:27:17,107
3,2022-07-06 00:35:32,684
8,2022-07-23 09:53:59,461
6,2022-07-28 18:02:59,409
3,2022-07-17 22:53:23,647
4,2022-07-01 12:12:10,874
8,2022-07-22 18:40:07,657
1,2022-07-14 00:47:14,65
7,2022-07-09 19:43:59,802
4,2022-07-11 02:18:11,383
6,2022-07-06 03:59:14,227
8,2022-07-26 13:12:59,941
8,2022-07-10 12:21:00,679
4,2022-07-22 03:10:31,656
0,2022-07-16 11:29:00,713
0,2022-07-24 15:58:33,623
5,2022-07-17 02:36:20,563
1,2022-07-05 12:48:13,671
6,2022-07-08 01:13:32,959
6,2022-07-15 17:36:11,37
1,2022-07-16 13:58:43,627
6,2022-07-02 12:03:27,758
3,2022-07-20 15:35:16,197
1,2022-07-20 08:45:11,430
8,2022-07-19 22:21:10,909
8,2022-07-04 05:22:17,267
3,2022-07-20 02:32:36,867
3,2022-07-18 20:26:43,676
8,2022-07-15 16:36:03,766
1,2022-07-05 06:58:09,438
3,2022-07-15 01:55:57,691
6,2022-07-25 10:26:34,879
6,2022-07-29 08:27:53,399
2,2022-07-12 15:53:11,56
4,2022-07-19 23:06:26,107
7,2022-07-23 21:53:28,479
0,2022-07-29 20:44:21,585
0,2022-07-19 13:07:09,618
2,2022-07-14 16:09:34,167
8,2022-07-26 00:48:53,589
1,2022-07-02 15:00:43,747
0,2022-07-21 00:13:11,447
3,2022-07-06 14:51:26,485
0,2022-07-14 04:53:38,833
4,2022-07-12 15:11:03,986
2,2022-07-27 10:17:37,37
0,2022-07-15 20:20:12,841
6,2022-07-21 14:15:40,46
2,2022-07-20 04:18:51,228
4,2022-07-03 21:26:20,970
0,2022-07-06 18:19:38,291
8,2022-07-28 00:55:40,971
4,2022-07-13 03:16:10,158
0,2022-07-30 04:23:29,869
4,2022-07-12 12:35:28,462
2,2022-07-06 19:16:40,949
7,2022-07-24 23:23:56,383
8,2022-07-20 07:51:19,554
1,2022-07-07 08:54:05,48
7,2022-07-18 04:45:35,866
5,2022-07-10 18:15:02,912
5,2022-07-24 03:52:28,91
7,2022-07-05 19:49:17,681
1,2022-07-04 18:31:35,243
8,2022-07-19 18:13:53,425
4,2022-07-09 09:33:39,720
7,2022-07-06 20:36:01,590
2,2022-07-23 20:51:35,255
8,2022-07-05 06:41:49,57
5,2022-07-22 16:29:50,617
4,2022-07-24 05:28:17,994
6,2022-07-26 01:59:08,563
2,2022-07-20 13:19:41,851
4,2022-07-29 08:28:48,252
2,2022-07-12 22:45:59,748
7,2022-07-16 00:56:45,850
0,2022-07-11 09:47:29,711
5,2022-07-12 10:01:42,101
5,2022-07-28 21:00:59,660
0,2022-07-09 13:13:41,499
2,2022-07-23 11:24:20,593
6,2022-07-08 16:29:05,349
4,2022-07-13 21:31:22,487
8,2022-07-04 18:56:24,925
7,2022-07-21 09:29:01,773
6,2022-07-19 14:09:11,457
3,2022-07-03 20:02:54,355
6,2022-07-22 01:02:27,702
5,2022-07-23 18:49:14,781
1,2022-07-01 14:43:49,694
7,2022-07-14 02:18:01,560
2,2022-07-30 19:16:05,174
4,2022-07-01 12:56:59,672
0,2022-07-19 22:41:10,127
3,2022-07-09 14:32:39,91
5,2022-07-17 01:55:51,201
3,2022-07-25 22:13:30,804
1,2022-07-12 13:40:11,773
6,2022-07-05 07:47:35,120
5,2022-07-08 17:26:33,942
6,2022-07-27 03:06:46,955
8,2022-07-05 22:58:27,181
3,2022-07-18 02:12:53,228
5,2022-07-29 06:40:29,278
4,2022-07-25 03:48:55,55
8,2022-07-15 03:09:08,777
2,2022-07-27 09:29:29,879
8,2022-07-18 02:53:50,654
6,2022-07-01 20:32:24,642
7,2022-07-17 17:05:46,155
8,2022-07-28 12:24:11,556
2,2022-07-10 15:25:15,800
4,2022-07-02 17:18:24,145
8,2022-07-29 13:27:45,533
2,2022-07-08 07:46:09,324
0,2022-07-17 13:37:38,226
1,2022-07-27 23:47:50,807
1,2022-07-12 06:45:23,36
1,2022-07-01 12:53:36,218
3,2022-07-20 03:33:00,262
1,2022-07-06 02:35:58,378
4,2022-07-26 04:37:09,967
5,2022-07-23 22:38:41,16
1,2022-07-05 07:45:48,374
5,2022-07-17 19:31:32,618
5,2022-07-24 05:23:47,886
1,2022-07-24 13:13:27,236
4,2022-07-02 10:12:39,114
4,2022-07-19 06:11:06,912
1,2022-07-11 17:15:39,487
5,2022-07-17 13:32:11,759
6,2022-07-07 15:17:51,762
7,2022-07-17 02:48:53,221
4,2022-07-01 18:01:33,87
7,2022-07-26 19:56:44,864
2,2022-07-18 14:49:58,374
5,2022-07-14 08:15:28,575
6,2022-07-25 23:44:01,68
5,2022-07-01 05:09:56,909
7,2022-07-25 10:09:04,859
0,2022-07-26 09:30:57,666
3,2022-07-12 03:10:25,98
2,2022-07-16 00:16:26,73
8,2022-07-25 17:06:57,975
1,2022-07-10 02:20:49,764
8,2022-07-14 19:40:02,536
8,2022-07-15 23:49:28,802
8,2022-07-10 02:46:28,465
2,2022-07-22 01:35:24,979
3,2022-07-24 06:39:10,364
7,2022-07-08 20:33:51,659
3,2022-07-13 01:08:14,548
8,2022-07-02 12:32:44,941
3,2022-07-08 16:41:53,981
7,2022-07-19 15:44:28,499
5,2022-07-08 03:05:08,276
3,2022-07-14 12:09:53,705
0,2022-07-06 05:25:28,756
1,2022-07-24 06:17:40,690
8,2022-07-07 14:09:31,258
1,2022-07-03 20:30:40,744
0,2022-07-26 11:55:56,648
6,2022-07-27 06:50:57,374
4,2022-07-07 11:36:02,873
3,2022-07-29 05:38:29,670
8,2022-07-24 08:34:37,734
7,2022-07-17 10:52:32,914
4,2022-07-18 18:23:44,973
3,2022-07-26 05:41:28,742
0,2022-07-19 16:58:47,408
5,2022-07-17 08:42:20,407
5,2022-07-11 07:30:01,696
7,2022-07-15 04:31:12,367
4,2022-07-02 08:51:16,196
7,2022-07-09 05:45:45,209
7,2022-07-21 08:31:51,230
4,2022-07-21 08:58:57,35
0,2022-07-25 19:49:19,72
2,2022-07-18 04:35:53,227
1,2022-07-19 00:55:14,585
5,2022-07-24 08:37:29,310
0,2022-07-23 15:50:51,569
6,2022-07-22 09:07:29,59
7,2022-07-30 07:03:20,924
7,2022-07-11 10:20:59,680
8,2022-07-24 16:52:32,391
6,2022-07-16 10:15:22,741
1,2022-07-16 11:32:07,278
2,2022-07-20 15:56:25,848
7,2022-07-28 01:21:15,489
0,2022-07-01 12:07:41,602
3,2022-07-15 22:39:53,136
4,2022-07-09 00:20:17,238
6,2022-07-21 11:08:47,879
4,2022-07-30 21:23:50,473
2,2022-07-09 02:40:29,161
4,2022-07-07 05:49:49,564
6,2022-07-30 01:54:00,194
0,2022-07-26 17:44:04,13
4,2022-07-29 16:57:21,925
7,2022-07-23 07:58:11,235
2,2022-07-21 02:20:46,935
2,2022-07-22 05:51:51,538
6,2022-07-08 17:04:15,99
5,2022-07-22 21:07:31,625
5,2022-07-23 17:54:54,214
0,2022-07-18 02:34:53,485
5,2022-07-06 15:58:05,750
4,2022-07-09 14:33:25,939
3,2022-07-14 13:15:11,940
1,2022-07-29 23:05:34,729
6,2022-07-07 10:03:40,657
8,2022-07-11 18:40:06,578
0,2022-07-19 03:10:14,238
4,2022-07-16 05:15:55,994
1,2022-07-28 07:25:32,108
6,2022-07-19 10:35:29,431
4,2022-07-23 12:43:09,385
3,2022-07-03 01:21:24,696
2,2022-07-26 20:25:02,326
2,2022-07-28 04:17:20,790
5,2022-07-20 11:56:04,149
3,2022-07-25 04:48:00,130
7,2022-07-28 18:59:11,359
8,2022-07-17 16:43:38,512
8,2022-07-09 23:58:21,797
5,2022-07-18 01:31:30,840
5,2022-07-29 01:42:19,365
3,2022-07-25 11:19:48,23
7,2022-07-01 13:42:41,500
7,2022-07-16 15:52:25,430
1,2022-07-03 18:30:21,911
3,2022-07-02 18:00:19,647
0,2022-07-09 02:06:38,268
7,2022-07-04 13:27:33,636
5,2022-07-25 16:05:07,437
8,2022-07-03 08:50:53,551
6,2022-07-24 11:39:23,591
0,2022-07-26 02:14:05,863
8,2022-07-09 15:25:25,719
8,2022-07-07 02:50:39,722
5,2022-07-02 11:10:27,684
6,2022-07-13 07:40:14,801
7,2022-07-29 06:17:17,975
7,2022-07-21 10:42:52,802
8,2022-07-29 19:34:45,808
2,2022-07-03 14:16:40,55
7,2022-07-17 10:31:51,241
3,2022-07-11 13:39:30,832
4,2022-07-29 14:39:00,534
3,2022-07-05 05:05:12,670
8,2022-07-17 20:22:44,71
4,2022-07-25 18:36:09,730
6,2022-07-11 16:04:10,838
3,2022-07-07 09:46:08,507
5,2022-07-14 14:43:12,349
2,2022-07-16 08:55:11,139
0,2022-07-23 10:19:59,366
7,2022-07-20 17:11:26,754
0,2022-07-02 18:42:03,980
1,2022-07-27 14:29:53,601
4,2022-07-23 12:05:13,323
0,2022-07-13 15:59:22,403
5,2022-07-28 03:22:37,145
5,2022-07-15 18:27:59,943
6,2022-07-20 13:53:08,880
7,2022-07-23 06:16:26,727
5,2022-07-25 07:34:02,265
7,2022-07-18 01:37:23,255
7,2022-07-12 00:10:43,62
2,2022-07-30 07:18:30,59
8,2022-07-02 13:08:28,88
2,2022-07-21 02:51:00,823
4,2022-07-18 05:57:29,830
4,2022-07-28 12:08:02,499
8,2022-07-16 09:38:46,410
3,2022-07-26 17:40:18,506
6,2022-07-28 09:23:05,461
8,2022-07-22 06:50:03,741
1,2022-07-06 18:03:06,438
8,2022-07-06 12:56:47,246
5,2022-07-17 02:46:27,55
1,2022-07-03 06:04:36,320
0,2022-07-15 18:35:43,296
5,2022-07-18 15:40:41,458
3,2022-07-05 12:39:25,123
4,2022-07-10 01:49:49,274
0,2022-07-03 11:56:04,9
3,2022-07-18 05:55:14,759
0,2022-07-26 11:24:36,723
4,2022-07-13 00:04:00,125
5,2022-07-09 13:12:42,746
5,2022-07-26 01:53:15,690
2,2022-07-11 00:33:42,694
4,2022-07-19 14:48:12,525
0,2022-07-28 16:03:44,71
6,2022-07-05 05:25:05,151
1,2022-07-22 08:32:32,164
7,2022-07-24 07:46:48,754
0,2022-07-18 18:21:26,390
5,2022-07-25 00:06:48,307
5,2022-07-26 12:00:29,50
3,2022-07-28 03:28:43,235
8,2022-07-23 23:38:53,774
7,2022-07-15 05:41:31,941
0,2022-07-06 13:58:24,479
4,2022-07-05 09:21:14,978
7,2022-07-30 19:49:42,6
5,2022-07-18 03:44:02,203
3,2022-07-14 06:00:01,546
1,2022-07-03 12:51:28,11
0,2022-07-20 09:42:41,466
8,2022-07-22 23:07:16,948
7,2022-07-29 15:06:32,104
2,2022-07-13 00:25:03,797
7,2022-07-15 14:01:38,761
2,2022-07-26 19:04:57,417
3,2022-07-26 18:26:01,251
1,2022-07-24 18:45:03,137
4,2022-07-27 13:06:58,78
8,2022-07-22 21:41:07,674
4,2022-07-19 20:47:42,646
4,2022-07-26 06:40:34,583
1,2022-07-15 02:08:13,849
2,2022-07-01 08:04:51,407
7,2022-07-26 07:05:33,66
6,2022-07-27 17:14:58,120
4,2022-07-26 14:13:52,538
6,2022-07-23 06:14:39,650
8,2022-07-07 00:02:10,682
7,2022-07-21 02:22:28,613
7,2022-07-03 05:02:25,522
6,2022-07-16 15:04:36,60
1,2022-07-10 00:33:23,911
0,2022-07-26 19:42:02,704
7,2022-07-02 16:21:44,897
6,2022-07-28 23:52:53,442
8,2022-07-27 16:06:31,178
2,2022-07-12 07:44:30,293
4,2022-07-29 20:24:19,930
7,2022-07-13 01:55:30,252
1,2022-07-03 03:58:34,880
4,2022-07-13 19:58:42,729
0,2022-07-02 00:41:54,866
8,2022-07-22 05:42:39,790
2,2022-07-02 00:10:07,174
2,2022-07-15 11:36:35,312
2,2022-07-01 17:20:29,739
6,2022-07-10 09:12:18,301
7,2022-07-23 15:39:40,185
5,2022-07-08 22:16:59,318
5,2022-07-26 20:48:05,303
8,2022-07-22 05:40:32,610
7,2022-07-29 13:43:42,708
6,2022-07-04 23:20:19,294
2,2022-07-05 22:09:24,356
5,2022-07-21 18:23:49,332
8,2022-07-03 10:02:01,94
8,2022-07-25 19:22:31,379
6,2022-07-20 05:44:42,190
5,2022-07-11 08:17:03,441
1,2022-07-20 07:45:07,635
1,2022-07-04 18:52:44,239
3,2022-07-09 15:13:37,872
1,2022-07-06 10:39:38,567
1,2022-07-21 17:53:12,736
3,2022-07-25 10:52:19,389
1,2022-07-14 12:20:04,296
1,2022-07-02 17:46:35,287
2,2022-07-24 18:04:38,57
7,2022-07-25 14:19:32,314
3,2022-07-02 23:44:40,985
4,2022-07-26 05:06:04,259
4,2022-07-20 09:49:19,70
7,2022-07-28 13:38:07,997
4,2022-07-30 20:49:01,622
6,2022-07-20 02:23:41,827
5,2022-07-10 22:01:52,970
1,2022-07-30 02:55:00,450
7,2022-07-18 08:04:23,169
4,2022-07-09 02:00:10,895
3,2022-07-16 06:01:04,267
5,2022-07-13 01:45:20,42
6,2022-07-28 09:58:25,287
8,2022-07-27 18:46:22,177
1,2022-07-05 06:25:00,174
0,2022-07-15 02:10:06,72
3,2022-07-06 01:03:38,621
6,2022-07-22 10:20:31,439
0,2022-07-26 14:16:02,28
5,2022-07-01 01:12:53,684
6,2022-07-12 05:50:22,69
7,2022-07-13 18:07:47,471
7,2022-07-19 19:09:41,422
0,2022-07-25 06:38:21,64
8,2022-07-02 19:21:11,474
6,2022-07-04 06:57:59,95
5,2022-07-29 16:27:22,500
3,2022-07-22 08:00:26,413
6,2022-07-16 10:11:02,228
8,2022-07-11 10:48:35,133
2,2022-07-28 21:47:59,978
2,2022-07-05 23:42:17,648
2,2022-07-29 04:15:26,775
1,2022-07-06 19:23:18,721
8,2022-07-07 00:08:36,927
7,2022-07-25 02:24:10,708
3,2022-07-14 15:58:10,850
4,2022-07-04 07:31:41,937
7,2022-07-03 22:22:49,488
6,2022-07-20 19:50:38,401
7,2022-07-08 16:33:14,901
5,2022-07-05 06:14:14,528
3,2022-07-14 19:05:16,459
8,2022-07-04 08:54:53,345
7,2022-07-28 13:00:34,652
2,2022-07-19 17:13:48,537
2,2022-07-28 10:51:05,382
1,2022-07-21 20:10:40,768
6,2022-07-02 01:19:01,934
2,2022-07-26 21:18:52,771
6,2022-07-02 18:19:37,300
0,2022-07-04 09:45:05,497
4,2022-07-13 11:02:39,743
8,2022-07-02 20:40:28,886
7,2022-07-17 04:53:19,938
6,2022-07-16 10:08:42,165
6,2022-07-15 17:53:12,726
0,2022-07-07 16:07:46,530
0,2022-07-15 10:53:17,439
5,2022-07-19 18:05:33,73
2,2022-07-14 21:59:58,308
8,2022-07-16 21:39:41,133
2,2022-07-22 07:45:33,749
8,2022-07-27 00:01:22,468
2,2022-07-19 10:55:35,729
7,2022-07-11 13:42:03,453
1,2022-07-18 07:27:13,809
2,2022-07-26 09:27:15,958
4,2022-07-02 07:33:25,740
2,2022-07-11 03:27:45,397
3,2022-07-15 13:57:34,873
1,2022-07-16 06:42:41,25
6,2022-07-25 10:57:32,197
1,2022-07-09 01:03:37,13
1,2022-07-25 15:18:23,761
0,2022-07-06 19:57:14,491
5,2022-07-19 09:16:24,330
2,2022-07-14 18:56:55,589
5,2022-07-10 12:56:06,258
8,2022-07-18 03:04:01,773
7,2022-07-07 03:51:44,623
0,2022-07-14 20:00:08,377
4,2022-07-06 13:37:54,389
7,2022-07-19 12:09:43,922
8,2022-07-08 03:48:25,726
0,2022-07-27 21:56:20,450
3,2022-07-05 01:49:02,763
4,2022-07-12 07:40:54,663
7,2022-07-29 04:38:12,399
4,2022-07-26 22:56:41,838
7,2022-07-28 00:02:51,144
0,2022-07-06 17:35:16,622
5,2022-07-11 21:07:56,506
7,2022-07-24 21:41:48,358
2,2022-07-24 19:18:37,250
2,2022-07-09 07:31:46,956
5,2022-07-25 15:36:58,801
8,2022-07-26 08:14:53,181
5,2022-07-27 12:00:30,683
6,2022-07-21 12:14:51,993
8,2022-07-23 20:03:15,126
4,2022-07-17 16:29:55,933
1,2022-07-14 13:08:29,149
8,2022-07-24 14:30:50,542
3,2022-07-10 05:48:41,463
4,2022-07-04 22:40:24,862
8,2022-07-01 20:00:00,865
8,2022-07-27 11:20:24,128
6,2022-07-14 04:46:30,478
0,2022-07-12 13:32:32,191
4,2022-07-02 13:02:57,195
1,2022-07-06 09:37:44,176
8,2022-07-28 02:23:56,60
4,2022-07-15 03:57:12,215
1,2022-07-01 02:44:43,583
8,2022-07-06 05:57:19,196
4,2022-07-27 12:24:24,757
7,2022-07-08 04:52:50,56
5,2022-07-23 07:00:14,785
5,2022-07-26 22:25:20,926
2,2022-07-12 11:40:18,172
1,2022-07-06 07:30:09,272
2,2022-07-04 21:57:23,998
1,2022-07-16 20:44:25,203
8,2022-07-28 03:09:49,617
3,2022-07-24 16:19:54,579
8,2022-07-24 10:06:41,819
8,2022-07-09 11:41:35,846
1,2022-07-19 01:47:42,864
3,2022-07-05 02:18:18,372
4,2022-07-27 02:27:21,895
2,2022-07-07 02:49:16,286
2,2022-07-03 23:34:11,221
0,2022-07-21 11:34:20,279
5,2022-07-09 22:53:46,893
0,2022-07-22 21:38:19,422
8,2022-07-17 06:25:28,796
2,2022-07-13 19:12:19,735
0,2022-07-23 02:50:08,400
1,2022-07-14 10:13:19,157
2,2022-07-15 20:15:57,556
5,2022-07-05 18:59:13,46
3,2022-07-23 16:00:36,344
4,2022-07-06 18:57:25,75
0,2022-07-06 14:49:50,983
1,2022-07-07 07:54:24,160
6,2022-07-08 04:44:35,962
4,2022-07-29 20:25:27,514
2,2022-07-27 13:36:11,457
3,2022-07-22 07:20:46,269
6,2022-07-06 00:28:02,219
0,2022-07-04 02:21:22,951
4,2022-07-03 19:16:48,23
8,2022-07-22 21:24:06,367
0,2022-07-24 11:03:39,213
0,2022-07-07 16:06:56,536
1,2022-07-24 10:50:33,929
2,2022-07-15 22:00:29,320
6,2022-07-19 21:53:02,493
6,2022-07-13 11:00:22,523
4,2022-07-25 09:11:14,559
5,2022-07-28 18:21:00,967
0,2022-07-30 12:54:50,370
4,2022-07-02 07:37:34,592
5,2022-07-30 16:23:50,174
4,2022-07-30 06:19:22,953
4,2022-07-14 03:57:25,17
2,2022-07-09 10:32:53,332
8,2022-07-26 00:33:06,501
2,2022-07-28 22:10:28,656
2,2022-07-14 19:18:50,774
5,2022-07-18 14:46:41,103
7,2022-07-14 21:59:30,899
5,2022-07-01 07:51:22,680
0,2022-07-30 20:41:37,624
2,2022-07-27 01:43:06,101
4,2022-07-14 04:34:07,37
7,2022-07-18 08:30:36,571
4,2022-07-15 14:07:23,922
6,2022-07-15 20:09:12,220
0,2022-07-16 03:19:45,785
6,2022-07-10 02:28:23,343
1,2022-07-26 07:51:35,88
0,2022-07-08 15:35:16,53
5,2022-07-25 17:47:39,682
8,2022-07-28 03:51:54,322
0,2022-07-28 20:51:15,673
5,2022-07-03 01:47:45,313
0,2022-07-16 18:39:57,424
4,2022-07-16 21:24:37,744
6,2022-07-25 18:20:05,763
5,2022-07-08 06:50:59,261
1,2022-07-02 04:29:28,584
0,2022-07-01 11:33:37,806
3,2022-07-22 02:25:36,464
8,2022-07-08 08:36:41,121
0,2022-07-06 23:52:09,654
3,2022-07-26 18:16:42,241
6,2022-07-06 13:12:12,937
5,2022-07-17 15:48:06,676
2,2022-07-16 02:02:58,22
0,2022-07-22 18:08:36,274
2,2022-07-20 00:07:15,191
8,2022-07-07 03:11:31,587
4,2022-07-30 07:48:32,525
8,2022-07-04 03:52:06,274
4,2022-07-10 07:04:58,860
6,2022-07-27 21:32:13,564
2,2022-07-23 05:06:40,282
2,2022-07-19 02:00:58,160
7,2022-07-04 08:29:30,864
4,2022-07-30 07:34:59,675
5,2022-07-22 10:42:38,141
3,2022-07-04 20:34:54,127
5,2022-07-20 10:48:58,175
0,2022-07-20 16:30:10,199
0,2022-07-20 14:44:01,641
8,2022-07-01 00:12:01,151
0,2022-07-24 22:35:36,368
2,2022-07-23 04:42:14,831
1,2022-07-16 12:58:55,220
2,2022-07-11 19:38:56,75
8,2022-07-07 14:34:23,712
2,2022-07-18 20:11:54,327
8,2022-07-02 17:59:02,839
3,2022-07-24 13:35:10,293
1,2022-07-03 13:47:23,129
0,2022-07-25 20:50:20,119
6,2022-07-16 16:12:34,556
4,2022-07-02 01:53:07,252
7,2022-07-09 06:24:56,868
0,2022-07-16 01:11:37,700
6,2022-07-04 22:24:35,45
6,2022-07-19 15:23:35,493
4,2022-07-01 04:43:46,547
1,2022-07-06 07:32:16,694
2,2022-07-01 01:26:37,11
3,2022-07-12 17:20:13,144
2,2022-07-17 13:06:46,903
0,2022-07-06 08:44:31,518
4,2022-07-03 03:06:51,508
8,2022-07-20 12:14:17,874
8,2022-07-09 23:51:14,979
4,2022-07-23 02:19:44,649
1,2022-07-03 17:18:31,730
6,2022-07-21 04:55:54,364
3,2022-07-18 19:10:33,308
0,2022-07-23 04:58:04,467
8,2022-07-22 15:54:07,585
6,2022-07-22 10:15:11,499
6,2022-07-17 13:07:37,422
0,2022-07-12 14:08:27,185
3,2022-07-07 10:12:39,521
6,2022-07-04 04:39:46,652
5,2022-07-05 09:22:12,347
6,2022-07-07 22:08:55,926
7,2022-07-22 00:26:48,697
8,2022-07-25 05:28:50,778
1,2022-07-09 03:59:08,767
5,2022-07-22 22:44:01,380
0,2022-07-18 23:17:14,697
5,2022-07-07 02:00:53,663
4,2022-07-17 03:45:17,951
7,2022-07-17 01:46:47,940
2,2022-07-29 17:32:36,860
0,2022-07-27 14:49:06,87
5,2022-07-07 09:13:41,117
0,2022-07-12 20:25:42,897
2,2022-07-20 11:46:43,237
4,2022-07-15 22:48:08,115
3,2022-07-12 00:40:00,553
6,2022-07-09 08:52:54,460
0,2022-07-05 16:32:10,595
5,2022-07-06 05:35:43,518
3,2022-07-18 18:48:37,931
0,2022-07-26 21:53:56,453
3,2022-07-25 13:58:08,120
3,2022-07-19 21:58:37,534
6,2022-07-18 15:45:27,375
5,2022-07-09 18:54:39,691
3,2022-07-30 22:00:24,526
7,2022-07-19 05:19:47,330
8,2022-07-30 01:13:14,393
4,2022-07-30 13:19:01,596
6,2022-07-17 06:20:55,195
7,2022-07-29 21:28:52,864
4,2022-07-02 02:41:37,314
7,2022-07-25 20:15:15,495
2,2022-07-21 10:33:33,718
1,2022-07-28 17:35:36,802
2,2022-07-29 19:12:54,520
0,2022-07-12 03:42:50,177
4,2022-07-29 20:56:55,809
3,2022-07-13 11:03:46,239
2,2022-07-29 11:10:43,450
2,2022-07-10 01:30:25,360
4,2022-07-03 19:14:25,780
6,2022-07-06 09:12:41,739
0,2022-07-08 20:15:19,602
5,2022-07-08 12:15:56,917
0,2022-07-01 13:44:41,385
4,2022-07-08 05:51:09,346
3,2022-07-30 05:21:03,813
6,2022-07-04 01:48:08,255
0,2022-07-23 15:22:06,300
4,2022-07-07 08:17:37,641
8,2022-07-24 02:33:24,213
1,2022-07-13 23:10:06,269
4,2022-07-01 09:32:17,398
2,2022-07-05 10:31:16,196
8,2022-07-04 17:52:50,100
4,2022-07-27 03:59:17,245
4,2022-07-27 00:39:38,754
6,2022-07-20 01:09:25,741
0,2022-07-10 07:19:53,579
7,2022-07-04 19:56:06,799
7,2022-07-16 08:59:42,865
6,2022-07-17 09:51:32,71
4,2022-07-20 09:54:36,323
6,2022-07-03 01:01:24,328
4,2022-07-11 08:58:03,407
6,2022-07-06 18:33:54,63
0,2022-07-25 01:03:18,39
0,2022-07-15 19:52:58,218
2,2022-07-12 00:10:45,899
7,2022-07-06 07:04:49,234
6,2022-07-25 22:24:10,870
4,2022-07-19 00:42:02,214
3,2022-07-18 04:21:11,447
4,2022-07-24 17:32:59,253
0,2022-07-14 02:37:24,176
4,2022-07-04 23:02:26,397
8,2022-07-27 17:52:34,738
6,2022-07-27 02:22:15,165
8,2022-07-04 06:31:52,36
2,2022-07-24 07:50:25,492
2,2022-07-01 09:53:30,730
1,2022-07-29 00:41:26,25
0,2022-07-07 07:51:18,39
1,2022-07-06 00:43:37,978
8,2022-07-29 14:31:49,87
4,2022-07-19 05:12:14,260
2,2022-07-19 10:11:32,654
0,2022-07-03 13:24:01,887
7,2022-07-05 17:50:17,993
5,2022-07-19 20:10:26,34
0,2022-07-11 15:06:37,573
4,2022-07-30 07:40:22,168
5,2022-07-22 21:08:53,358
8,2022-07-08 13:22:47,114
7,2022-07-23 06:22:12,710
3,2022-07-13 07:05:11,333
3,2022-07-24 19:09:15,507
4,2022-07-23 01:08:46,256
6,2022-07-16 05:52:03,688
3,2022-07-09 21:22:51,855
4,2022-07-25 12:30:47,483
8,2022-07-18 05:36:10,860
4,2022-07-18 08:25:09,267
2,2022-07-09 15:41:06,155
7,2022-07-13 23:51:44,604
6,2022-07-22 08:57:26,846
1,2022-07-21 22:27:35,812
4,2022-07-05 14:41:50,95
3,2022-07-04 11:00:48,824
8,2022-07-27 07:44:32,46
6,2022-07-04 12:59:15,809
5,2022-07-08 11:56:20,918
7,2022-07-03 22:24:59,683
5,2022-07-30 05:19:03,349
1,2022-07-25 09:25:35,512
2,2022-07-19 06:52:20,204
8,2022-07-07 20:51:08,486
6,2022-07-10 08:32:09,234
6,2022-07-25 02:26:30,295
2,2022-07-30 13:58:25,334
5,2022-07-19 22:28:21,633
0,2022-07-17 20:30:31,234
2,2022-07-07 17:30:43,172
3,2022-07-09 21:20:40,443
5,2022-07-17 20:44:52,181
5,2022-07-24 00:27:36,842
0,2022-07-21 11:45:27,192
5,2022-07-28 22:08:02,961
5,2022-07-15 01:11:25,204
0,2022-07-28 15:18:31,889
0,2022-07-04 15:34:31,422
1,2022-07-14 05:05:45,666
5,2022-07-25 09:45:42,693
0,2022-07-22 20:19:10,119
0,2022-07-03 13:11:29,450
6,2022-07-27 22:15:36,640
7,2022-07-03 05:15:48,730
4,2022-07-08 01:31:06,503
6,2022-07-14 10:32:30,706
5,2022-07-15 01:17:45,988
3,2022-07-14 04:21:35,530
4,2022-07-04 02:01:29,755
4,2022-07-15 21:43:18,816
2,2022-07-28 15:06:17,807
7,2022-07-30 07:35:28,472
4,2022-07-29 22:04:03,688
6,2022-07-04 10:48:56,680
4,2022-07-20 23:41:39,668
7,2022-07-12 19:42:25,382
8,2022-07-06 01:56:48,973
7,2022-07-19 07:27:17,319
3,2022-07-23 17:54:57,798
1,2022-07-03 18:36:41,504
2,2022-07-07 04:56:07,449
0,2022-07-15 17:27:06,490
0,2022-07-19 13:17:23,627
8,2022-07-13 14:15:51,920
4,2022-07-14 12:21:52,722
0,2022-07-06 10:56:24,888
6,2022-07-12 17:27:00,496
5,2022-07-01 16:39:49,989
4,2022-07-11 17:59:55,149
7,2022-07-04 08:52:10,347
2,2022-07-06 19:43:24,481
0,2022-07-26 08:46:09,502
2,2022-07-02 19:43:21,45
3,2022-07-16 23:16:54,236
3,2022-07-24 04:32:58,68
6,2022-07-09 03:37:01,638
0,2022-07-15 21:27:49,838
0,2022-07-15 14:30:37,122
6,2022-07-10 03:32:21,430
4,2022-07-16 21:46:10,44
3,2022-07-09 01:16:13,45
5,2022-07-12 12:45:33,287
2,2022-07-26 06:24:53,982
0,2022-07-19 06:22:44,813
7,2022-07-01 01:56:04,527
0,2022-07-05 16:06:50,549
4,2022-07-13 21:30:21,655
8,2022-07-06 15:03:31,772
4,2022-07-11 03:07:47,176
2,2022-07-03 13:20:14,41
6,2022-07-23 11:02:50,877
7,2022-07-09 14:39:05,177
1,2022-07-21 18:56:09,534
1,2022-07-08 04:18:59,193
3,2022-07-16 04:59:02,328
3,2022-07-10 15:04:11,462
4,2022-07-02 13:18:25,74
3,2022-07-04 18:23:44,261
6,2022-07-03 06:57:18,66
6,2022-07-07 10:55:12,3
8,2022-07-26 15:09:01,730
2,2022-07-12 04:50:49,258
5,2022-07-07 20:00:45,350
0,2022-07-16 12:41:12,336
8,2022-07-26 09:25:44,256
6,2022-07-29 04:32:09,83
5,2022-07-17 12:07:58,804
2,2022-07-01 10:08:34,774
7,2022-07-13 02:04:37,578
4,2022-07-19 16:29:20,859
6,2022-07-27 18:42:33,520
5,2022-07-08 06:39:57,514
7,2022-07-10 14:54:46,409
3,2022-07-13 19:49:29,352
3,2022-07-17 06:05:26,168
8,2022-07-13 11:59:21,341
6,2022-07-18 21:51:39,296
4,2022-07-22 15:18:10,892
7,2022-07-03 08:58:40,524
8,2022-07-11 07:41:23,313
6,2022-07-07 00:35:28,710
4,2022-07-30 01:01:59,237
3,2022-07-19 12:25:04,201
2,2022-07-24 19:43:42,581
8,2022-07-12 01:20:30,651
6,2022-07-14 08:48:43,661
5,2022-07-17 21:33:51,735
8,2022-07-26 07:09:47,827
0,2022-07-29 08:45:40,312
4,2022-07-27 16:02:06,506
7,2022-07-25 22:45:58,80
2,2022-07-05 16:35:07,196
8,2022-07-04 17:34:29,517
0,2022-07-14 17:17:52,275
1,2022-07-02 17:57:25,809
7,2022-07-12 17:27:28,485
8,2022-07-01 08:26:29,71
4,2022-07-15 03:54:16,158
7,2022-07-24 04:49:37,545
7,2022-07-14 02:08:31,169
0,2022-07-09 06:17:08,264
6,2022-07-26 21:01:11,353
1,2022-07-23 09:44:27,195
0,2022-07-04 22:35:12,833
6,2022-07-12 09:56:51,417
8,2022-07-25 17:47:03,556
6,2022-07-20 09:59:30,242
8,2022-07-25 21:49:37,800
6,2022-07-20 22:14:34,921
0,2022-07-02 14:43:58,753
5,2022-07-23 05:31:27,590
1,2022-07-14 12:58:25,180
4,2022-07-18 07:31:37,858
3,2022-07-17 07:19:39,71
8,2022-07-25 12:33:50,48
6,2022-07-12 20:57:08,132
0,2022-07-23 02:33:58,488
5,2022-07-04 07:10:54,678
7,2022-07-06 08:14:11,798
8,2022-07-05 08:49:08,90
3,2022-07-29 22:21:34,613
1,2022-07-09 15:29:55,775
5,2022-07-15 04:37:29,393
3,2022-07-07 02:03:50,742
3,2022-07-29 00:13:10,605
7,2022-07-21 22:06:12,42
7,2022-07-01 03:08:59,329
7,2022-07-22 22:15:15,309
3,2022-07-02 09:45:54,193
3,2022-07-02 09:04:35,321
2,2022-07-13 11:48:47,55
4,2022-07-03 00:07:32,552
7,2022-07-21 16:50:35,948
7,2022-07-10 13:30:01,704
3,2022-07-13 10:48:53,612
3,2022-07-13 17:33:40,150
8,2022-07-22 10:41:07,64
3,2022-07-05 19:13:52,448
3,2022-07-07 03:11:22,404
5,2022-07-04 22:22:36,782
5,2022-07-23 10:05:18,267
0,2022-07-15 05:18:35,582
8,2022-07-20 17:29:49,287
8,2022-07-11 00:33:19,168
1,2022-07-12 04:44:36,470
8,2022-07-01 03:35:26,83
1,2022-07-16 12:00:25,720
2,2022-07-12 18:32:49,610
6,2022-07-26 07:00:39,24
0,2022-07-15 16:14:49,422
1,2022-07-13 18:35:10,353
7,2022-07-20 04:05:25,784
5,2022-07-20 22:04:07,13
4,2022-07-28 09:20:17,209
2,2022-07-05 11:50:19,663
1,2022-07-27 03:23:55,759
3,2022-07-22 22:56:26,923
5,2022-07-19 12:24:45,55
3,2022-07-06 14:10:51,756
2,2022-07-21 05:04:42,106
6,2022-07-23 16:24:25,857
5,2022-07-19 13:14:45,327
4,2022-07-09 16:30:22,255
5,2022-07-11 19:22:48,281
4,2022-07-04 10:59:31,481
5,2022-07-14 07:01:29,807
6,2022-07-14 08:35:05,827
5,2022-07-14 12:47:14,426
6,2022-07-20 16:16:34,157
0,2022-07-05 16:52:32,643
4,2022-07-07 00:13:47,42
3,2022-07-06 11:58:41,778
8,2022-07-28 07:38:23,414
4,2022-07-06 23:11:46,8
7,2022-07-13 06:19:35,778
4,2022-07-05 21:53:36,929
6,2022-07-28 18:58:21,402
7,2022-07-19 07:47:43,72
7,2022-07-12 21:16:39,596
7,2022-07-08 09:52:51,152
2,2022-07-14 17:31:06,591
8,2022-07-30 07:11:14,61
1,2022-07-29 23:45:39,88
1,2022-07-18 23:45:54,461
6,2022-07-15 15:53:12,830
8,2022-07-02 01:18:45,598
1,2022-07-03 17:18:38,366
5,2022-07-01 14:54:01,542
3,2022-07-14 10:50:14,314
0,2022-07-26 07:07:30,843
1,2022-07-28 08:38:34,331
8,2022-07-02 22:41:10,618
1,2022-07-23 17:19:07,56
4,2022-07-11 00:31:05,481
5,2022-07-30 13:02:05,356
1,2022-07-01 20:03:14,133
5,2022-07-28 15:17:02,807
6,2022-07-12 15:51:32,265
6,2022-07-27 09:08:15,730
1,2022-07-21 08:37:07,505
5,2022-07-10 04:22:43,34
2,2022-07-29 22:07:19,280
8,2022-07-25 01:41:34,806
7,2022-07-24 12:16:52,423
4,2022-07-23 07:38:20,772
5,2022-07-17 07:00:01,579
3,2022-07-12 23:03:59,166
3,2022-07-04 20:12:09,680
5,2022-07-11 01:58:40,432
7,2022-07-10 14:33:38,741
3,2022-07-04 18:19:43,447
4,2022-07-08 16:51:58,965
8,2022-07-20 23:00:42,493
0,2022-07-09 20:17:35,898
1,2022-07-04 15:09:40,977
3,2022-07-11 12:32:34,600
5,2022-07-02 19:50:55,977
0,2022-07-30 06:55:24,72
4,2022-07-02 01:37:15,641
0,2022-07-02 00:27:44,558
4,2022-07-07 11:13:34,7
8,2022-07-30 02:06:23,350
2,2022-07-07 06:53:17,551
7,2022-07-10 05:49:56,155
3,2022-07-07 16:24:50,921
7,2022-07-03 06:52:17,199
6,2022-07-21 19:30:43,348
4,2022-07-24 09:37:32,894
8,2022-07-07 17:48:52,157
7,2022-07-18 10:43:20,46
4,2022-07-08 01:44:26,883
7,2022-07-14 01:53:54,766
2,2022-07-03 15:09:17,330
8,2022-07-14 08:56:32,275
6,2022-07-13 05:16:57,208
2,2022-07-25 01:20:41,238
0,2022-07-11 07:13:50,647
0,2022-07-08 00:50:23,104
6,2022-07-22 18:18:04,538
4,2022-07-20 21:44:33,847
6,2022-07-01 00:27:03,379
5,2022-07-25 15:27:12,349
5,2022-07-07 08:46:00,645
4,2022-07-11 02:46:52,540
2,2022-07-28 19:49:38,902
0,2022-07-19 16:27:39,506
3,2022-07-18 12:26:51,507
8,2022-07-24 07:27:26,486
7,2022-07-10 11:10:17,832
6,2022-07-28 20:07:16,134
5,2022-07-12 01:30:08,182
5,2022-07-23 03:35:36,38
8,2022-07-12 22:12:38,125
5,2022-07-19 14:08:55,94
7,2022-07-28 00:43:51,839
5,2022-07-19 16:50:44,899
0,2022-07-18 12:45:26,571
7,2022-07-15 11:55:22,695
5,2022-07-16 17:58:46,2
8,2022-07-22 17:49:36,107
1,2022-07-29 03:39:42,482
4,2022-07-17 22:42:38,974
5,2022-07-25 03:35:17,136
0,2022-07-13 05:31:12,888
8,2022-07-03 00:28:09,73
1,2022-07-10 22:34:22,751
3,2022-07-03 00:46:17,979
0,2022-07-09 11:24:19,296
0,2022-07-14 10:18:45,984
7,2022-07-11 04:17:08,365
0,2022-07-16 02:56:28,891
6,2022-07-22 07:13:15,803
1,2022-07-25 14:45:00,532
8,2022-07-09 01:47:51,286
0,2022-07-01 23:55:09,321
3,2022-07-20 22:25:59,990
2,2022-07-08 07:29:38,601
3,2022-07-09 07:46:57,469
1,2022-07-08 21:41:22,184
4,2022-07-14 06:52:54,8
6,2022-07-15 19:52:25,532
8,2022-07-30 13:23:21,50
5,2022-07-11 15:02:46,70
0,2022-07-15 04:37:00,921
6,2022-07-29 19:15:18,193
8,2022-07-14 14:09:08,776
1,2022-07-26 05:57:32,450
4,2022-07-07 11:50:43,438
6,2022-07-16 17:31:44,53
6,2022-07-24 18:58:51,999
6,2022-07-10 09:23:35,345
6,2022-07-11 11:17:34,907
2,2022-07-21 01:59:00,149
4,2022-07-20 08:52:38,722
0,2022-07-22 12:14:36,206
0,2022-07-16 10:13:43,667
7,2022-07-12 04:50:50,259
7,2022-07-04 10:39:50,552
1,2022-07-15 18:43:29,355
3,2022-07-21 17:57:46,405
3,2022-07-11 06:00:06,823
8,2022-07-25 00:34:37,206
3,2022-07-17 04:20:13,59
5,2022-07-09 07:32:05,993
3,2022-07-18 12:01:29,286
2,2022-07-29 12:54:01,831
5,2022-07-08 20:40:20,555
6,2022-07-13 08:47:46,608
6,2022-07-24 23:36:31,185
7,2022-07-18 05:27:48,912
4,2022-07-03 02:39:38,31
4,2022-07-08 21:53:16,402
3,2022-07-29 03:26:51,610
3,2022-07-07 12:19:20,601
7,2022-07-07 15:44:21,78
3,2022-07-26 04:46:17,827
1,2022-07-05 06:06:48,324
3,2022-07-16 08:36:09,127
8,2022-07-24 23:50:56,262
2,2022-07-07 16:36:21,133
8,2022-07-18 23:12:44,551
3,2022-07-13 20:22:57,977
7,2022-07-20 16:57:38,125
8,2022-07-30 17:12:53,247
3,2022-07-13 00:41:19,825
7,2022-07-01 10:48:18,63
8,2022-07-06 21:01:21,420
3,2022-07-02 04:42:53,302
4,2022-07-21 02:56:59,124
5,2022-07-22 08:16:46,697
3,2022-07-02 09:44:43,410
7,2022-07-09 08:01:03,16
0,2022-07-24 05:55:14,341
4,2022-07-29 17:38:25,138
8,2022-07-08 04:08:40,264
6,2022-07-16 18:09:59,736
3,2022-07-27 00:54:21,374
2,2022-07-24 05:05:48,420
3,2022-07-21 07:19:54,839
1,2022-07-18 13:10:45,28
8,2022-07-18 20:32:17,852
2,2022-07-19 19:38:08,347
3,2022-07-26 10:54:01,986
2,2022-07-07 00:39:25,869
1,2022-07-07 21:29:08,105
4,2022-07-04 06:37:23,204
5,2022-07-25 08:41:28,169
5,2022-07-16 03:55:27,96
7,2022-07-01 19:26:58,684
6,2022-07-04 13:51:16,524
3,2022-07-09 16:10:32,945
5,2022-07-08 00:14:41,379
0,2022-07-21 02:59:50,461
8,2022-07-15 19:55:27,934
8,2022-07-25 21:02:25,182
7,2022-07-08 02:32:07,987
3,2022-07-03 02:12:11,934
6,2022-07-24 06:41:12,805
0,2022-07-04 07:03:03,776
2,2022-07-22 22:16:29,642
7,2022-07-06 22:33:30,922
1,2022-07-25 10:13:28,725
0,2022-07-22 19:22:34,328
7,2022-07-25 17:10:23,356
5,2022-07-05 14:57:53,956
5,2022-07-23 12:31:15,269
6,2022-07-23 15:45:26,800
2,2022-07-11 15:11:23,762
4,2022-07-23 03:16:40,716
2,2022-07-23 17:08:16,657
4,2022-07-23 07:17:51,113
7,2022-07-10 02:41:01,109
1,2022-07-07 18:18:07,521
1,2022-07-05 11:14:11,625
5,2022-07-16 23:35:47,17
7,2022-07-30 05:21:33,169
5,2022-07-22 13:44:00,377
6,2022-07-20 21:03:34,609
3,2022-07-13 23:00:08,474
3,2022-07-02 08:59:49,375
2,2022-07-05 13:32:08,74
6,2022-07-02 21:30:50,483
3,2022-07-24 18:33:37,755
8,2022-07-08 15:35:44,588
7,2022-07-04 17:50:55,481
8,2022-07-01 00:45:25,206
3,2022-07-01 10:15:20,897
3,2022-07-26 21:04:19,211
3,2022-07-09 18:36:52,10
3,2022-07-17 14:32:55,451
8,2022-07-03 22:12:37,509
1,2022-07-25 06:00:28,817
5,2022-07-21 00:11:40,731
3,2022-07-01 19:43:12,630
6,2022-07-26 08:11:17,19
3,2022-07-14 22:40:15,814
8,2022-07-07 18:34:53,99
5,2022-07-04 18:33:03,273
6,2022-07-08 07:39:00,762
4,2022-07-04 08:36:45,720
1,2022-07-04 22:42:49,977
2,2022-07-27 03:57:37,288
6,2022-07-30 15:10:13,106
3,2022-07-13 22:01:46,765
8,2022-07-14 02:00:01,52
6,2022-07-29 08:00:51,910
2,2022-07-03 04:34:07,375
4,2022-07-07 12:55:11,835
6,2022-07-08 15:40:20,802
1,2022-07-16 04:39:16,140
0,2022-07-08 23:49:06,105
3,2022-07-20 09:06:52,497
6,2022-07-21 08:00:46,640
3,2022-07-08 09:40:41,17
2,2022-07-18 21:14:00,252
6,2022-07-16 14:42:37,366
6,2022-07-18 08:23:51,728
2,2022-07-03 21:06:24,459
6,2022-07-21 21:06:32,618
6,2022-07-07 07:20:13,461
2,2022-07-10 16:32:49,3
6,2022-07-03 14:12:42,699
7,2022-07-24 02:39:09,990
0,2022-07-25 17:00:02,951
1,2022-07-09 16:01:56,674
8,2022-07-28 21:12:47,199
5,2022-07-10 08:37:11,367
1,2022-07-01 12:35:21,831
2,2022-07-17 23:42:28,249
6,2022-07-01 16:37:06,417
4,2022-07-30 04:31:15,732
6,2022-07-15 04:30:23,562
4,2022-07-07 19:36:36,36
2,2022-07-10 11:37:51,829
6,2022-07-15 08:45:17,414
5,2022-07-02 12:48:27,473
2,2022-07-16 12:34:10,928
2,2022-07-06 08:23:07,588
0,2022-07-24 15:22:52,640
5,2022-07-06 19:07:23,927
4,2022-07-09 18:06:29,281
4,2022-07-19 22:15:06,69
7,2022-07-26 10:03:22,850
6,2022-07-25 12:29:27,340
7,2022-07-16 05:09:11,804
3,2022-07-19 12:02:33,787
7,2022-07-13 16:06:30,40
4,2022-07-21 18:47:08,895
5,2022-07-01 06:31:08,662
6,2022-07-28 22:25:46,999
1,2022-07-02 09:21:37,514
8,2022-07-15 03:40:02,81
8,2022-07-28 00:53:19,968
3,2022-07-24 06:59:39,910
2,2022-07-02 22:56:10,703
2,2022-07-12 17:04:03,22
0,2022-07-08 16:25:20,415
4,2022-07-29 02:53:14,442
3,2022-07-21 13:42:39,304
5,2022-07-05 05:03:46,336
3,2022-07-24 15:10:00,78
8,2022-07-01 02:56:27,894
4,2022-07-16 02:05:54,970
1,2022-07-30 18:57:15,726
6,2022-07-09 12:52:08,961
5,2022-07-14 20:56:38,376
7,2022-07-08 02:37:22,677
2,2022-07-17 00:38:57,387
0,2022-07-08 17:28:31,39
0,2022-07-15 08:11:45,666
5,2022-07-04 00:54:51,416
8,2022-07-17 07:27:03,290
0,2022-07-10 03:39:14,6
1,2022-07-05 11:36:38,187
2,2022-07-26 01:21:27,44
0,2022-07-08 19:23:17,473
2,2022-07-09 01:24:44,920
6,2022-07-06 15:29:44,225
3,2022-07-13 21:56:22,315
2,2022-07-18 13:34:25,458
8,2022-07-21 02:38:48,45
2,2022-07-14 00:11:40,398
6,2022-07-16 15:48:44,251
7,2022-07-27 13:42:21,176
3,2022-07-19 00:40:40,947
4,2022-07-18 12:15:04,35
3,2022-07-11 12:41:42,935
1,2022-07-28 15:03:08,144
7,2022-07-20 17:32:22,185
6,2022-07-20 07:07:22,593
7,2022-07-23 21:59:37,307
4,2022-07-21 06:19:47,153
5,2022-07-10 21:35:56,879
0,2022-07-16 11:52:26,110
6,2022-07-25 00:43:59,7
3,2022-07-13 00:05:59,656
2,2022-07-26 11:02:37,888
7,2022-07-12 13:23:43,147
6,2022-07-24 06:46:30,531
2,2022-07-27 15:24:21,794
2,2022-07-12 16:31:42,520
0,2022-07-14 06:23:22,834
7,2022-07-25 23:07:52,555
8,2022-07-11 00:26:24,435
2,2022-07-25 23:21:44,295
0,2022-07-27 02:51:48,199
3,2022-07-05 08:39:20,181
6,2022-07-02 16:50:48,975
2,2022-07-12 07:44:23,63
3,2022-07-09 07:16:28,342
5,2022-07-01 05:16:19,826
4,2022-07-23 01:19:54,200
4,2022-07-22 16:09:14,102
2,2022-07-05 00:06:33,284
4,2022-07-02 02:58:55,35
8,2022-07-12 23:52:32,570
0,2022-07-05 14:59:40,730
1,2022-07-24 15:53:45,423
2,2022-07-28 22:17:35,134
4,2022-07-01 09:11:32,703
1,2022-07-12 20:59:32,828
0,2022-07-30 05:06:28,921
4,2022-07-22 22:17:32,960
6,2022-07-14 06:47:30,794
4,2022-07-04 23:19:03,534
7,2022-07-13 07:40:06,258
7,2022-07-07 07:05:49,904
5,2022-07-26 22:51:20,969
2,2022-07-07 07:57:40,160
2,2022-07-12 08:08:26,534
5,2022-07-30 23:56:33,47
6,2022-07-28 03:44:12,516
4,2022-07-29 14:54:07,48
6,2022-07-29 11:53:10,991
5,2022-07-02 13:49:23,849
1,2022-07-09 22:50:26,137
1,2022-07-15 20:24:22,762
0,2022-07-17 00:45:21,73
6,2022-07-25 16:43:33,614
6,2022-07-12 06:11:40,308
6,2022-07-07 15:43:04,453
8,2022-07-11 21:50:20,640
0,2022-07-03 12:11:47,936
4,2022-07-22 23:25:13,77
3,2022-07-21 13:51:20,408
1,2022-07-06 16:25:35,599
4,2022-07-03 01:01:34,736
4,2022-07-12 00:00:50,903
8,2022-07-20 16:58:31,719
7,2022-07-23 22:21:38,346
7,2022-07-10 07:35:55,835
7,2022-07-22 09:00:48,550
3,2022-07-01 04:35:13,313
2,2022-07-08 02:42:34,401
5,2022-07-24 08:03:25,303
7,2022-07-28 08:40:03,731
7,2022-07-16 13:08:48,972
0,2022-07-12 11:18:37,600
6,2022-07-16 21:44:29,446
1,2022-07-25 21:05:01,951
7,2022-07-09 23:08:48,843
1,2022-07-20 17:24:06,955
4,2022-07-14 19:38:29,783
7,2022-07-15 03:49:13,525
3,2022-07-20 13:44:17,959
3,2022-07-25 05:17:53,864
2,2022-07-28 04:21:15,499
0,2022-07-02 15:48:23,953
0,2022-07-05 12:51:15,964
1,2022-07-17 03:07:43,170
1,2022-07-30 21:41:17,702
7,2022-07-14 15:55:04,850
7,2022-07-25 22:18:32,113
6,2022-07-20 17:43:59,800
1,2022-07-30 16:12:16,899
7,2022-07-13 22:20:26,914
4,2022-07-30 16:30:41,700
3,2022-07-16 17:06:10,540
2,2022-07-03 04:26:45,864
3,2022-07-19 12:21:44,377
6,2022-07-25 09:21:01,785
5,2022-07-29 15:15:10,186
0,2022-07-20 06:09:48,675
0,2022-07-18 22:53:01,794
6,2022-07-25 02:18:52,610
5,2022-07-20 17:04:48,46
6,2022-07-02 15:48:21,200
0,2022-07-12 21:32:45,552
6,2022-07-16 21:18:06,985
3,2022-07-04 19:24:59,533
7,2022-07-17 12:52:05,919
8,2022-07-28 20:33:36,332
8,2022-07-18 14:15:33,311
2,2022-07-02 03:24:23,795
2,2022-07-24 15:53:40,908
3,2022-07-09 02:38:41,418
5,2022-07-15 12:32:31,261
3,2022-07-13 12:56:23,544
4,2022-07-19 19:52:28,439
1,2022-07-13 16:02:07,594
1,2022-07-14 08:52:29,454
0,2022-07-19 08:29:36,128
5,2022-07-12 23:37:59,47
2,2022-07-30 15:51:38,478
4,2022-07-10 10:07:32,171
2,2022-07-12 06:54:52,278
3,2022-07-22 03:53:50,854
3,2022-07-13 04:59:07,475
3,2022-07-15 08:32:50,775
7,2022-07-29 13:49:32,405
2,2022-07-13 01:54:27,403
7,2022-07-30 15:26:38,199
8,2022-07-21 04:43:00,580
0,2022-07-05 19:56:28,714
7,2022-07-09 17:13:29,869
6,2022-07-29 10:18:38,423
3,2022-07-01 11:30:38,181
1,2022-07-07 15:37:17,350
1,2022-07-04 06:31:46,27
4,2022-07-20 06:57:43,497
8,2022-07-30 18:43:16,959
7,2022-07-25 09:28:29,491
0,2022-07-21 14:11:29,143
3,2022-07-19 07:26:30,633
8,2022-07-27 09:01:19,920
5,2022-07-01 17:55:06,67
3,2022-07-26 22:56:12,567
8,2022-07-23 11:40:09,650
5,2022-07-21 20:46:42,905
0,2022-07-03 11:58:59,368
7,2022-07-30 16:19:52,235
5,2022-07-06 16:06:48,777
6,2022-07-07 11:20:49,752
8,2022-07-04 05:40:17,220
3,2022-07-22 16:20:49,804
6,2022-07-26 16:37:23,613
3,2022-07-26 19:23:19,646
2,2022-07-17 11:11:43,515
2,2022-07-02 10:08:34,364
6,2022-07-27 23:50:13,610
5,2022-07-12 06:30:06,87
7,2022-07-28 05:14:54,952
1,2022-07-26 23:37:00,399
7,2022-07-20 20:04:29,151
4,2022-07-23 06:19:06,377
6,2022-07-27 11:37:18,852
2,2022-07-04 23:58:48,190
0,2022-07-13 05:12:04,196
3,2022-07-23 23:48:02,473
5,2022-07-07 14:02:39,962
0,2022-07-13 16:19:55,399
8,2022-07-05 00:31:53,595
7,2022-07-26 02:09:29,416
2,2022-07-28 16:07:04,213
0,2022-07-02 16:21:49,792
2,2022-07-17 19:35:53,785
8,2022-07-03 21:20:53,535
7,2022-07-30 09:09:23,95
2,2022-07-28 18:22:11,607
3,2022-07-20 22:33:54,433
7,2022-07-05 16:06:35,846
7,2022-07-13 03:53:06,123
1,2022-07-27 07:20:33,587
1,2022-07-25 08:02:13,686
7,2022-07-19 21:07:18,417
6,2022-07-08 06:43:01,628
4,2022-07-04 21:07:37,466
5,2022-07-02 06:49:25,376
6,2022-07-28 23:37:51,197
0,2022-07-18 04:37:46,123
2,2022-07-29 17:16:14,601
5,2022-07-21 06:15:04,988
5,2022-07-02 06:28:49,830
4,2022-07-01 05:47:13,51
2,2022-07-21 21:25:04,959
3,2022-07-29 10:57:20,869
0,2022-07-07 02:40:41,463
7,2022-07-01 13:59:41,651
8,2022-07-21 20:09:20,573
0,2022-07-09 09:39:01,106
8,2022-07-26 15:59:11,996
2,2022-07-08 01:41:26,850
1,2022-07-29 02:00:47,508
6,2022-07-03 21:56:56,354
0,2022-07-12 00:45:17,552
5,2022-07-21 13:44:03,888
1,2022-07-09 00:19:04,492
5,2022-07-27 05:41:53,5
7,2022-07-06 06:23:24,8
1,2022-07-28 01:59:09,923
2,2022-07-24 14:09:50,895
4,2022-07-06 19:54:31,410
4,2022-07-05 15:11:32,906
2,2022-07-03 22:12:01,957
5,2022-07-20 12:37:42,388
8,2022-07-18 20:05:30,476
8,2022-07-19 09:16:46,209
3,2022-07-25 02:50:14,895
2,2022-07-28 22:22:31,815
0,2022-07-09 08:26:37,880
8,2022-07-08 01:25:56,777
6,2022-07-30 16:52:30,658
4,2022-07-08 09:14:29,644
3,2022-07-10 19:28:58,723
4,2022-07-21 10:03:56,318
1,2022-07-19 04:08:25,93
4,2022-07-29 05:49:44,20
7,2022-07-30 09:00:43,792
0,2022-07-18 05:42:21,35
3,2022-07-08 03:45:27,4
3,2022-07-04 16:57:19,172
6,2022-07-14 01:00:02,738
4,2022-07-26 09:24:37,341
2,2022-07-02 06:15:46,857
4,2022-07-29 19:03:55,376
0,2022-07-23 19:53:00,454
5,2022-07-29 03:58:04,361
2,2022-07-24 17:27:49,560
2,2022-07-23 00:43:34,478
4,2022-07-03 01:54:17,89
7,2022-07-20 03:35:45,179
0,2022-07-27 02:21:20,889
